## Table entries are given as a fraction of those with the variation, either homozygous or heterozygous, to the total for the population
##ACB(98)->AFR(762)	African Caribbean in Barbados
##ASW(70)->AFR(762)	African Ancestry in Southwest US
##BEB(104)->SAS(544)	Bengali in Bangladesh
##CDX(109)->EAS(605)	Chinese Dai in Xishuangbanna, China
##CEU(104)->EUR(536)	Utah residents with Northern and Western European ancestry
##CHB(148)->EAS(605)	Han Chinese in Bejing, China
##CHS(114)->EAS(605)	Southern Han Chinese, China
##CLM(105)->AMR(377)	Colombian in Medellin, Colombia
##ESN(111)->AFR(762)	Esan in Nigeria
##FIN(105)->EUR(536)	Finnish in Finland
##GBR(106)->EUR(536)	British in England and Scotland
##GIH(109)->SAS(544)	Gujarati Indian in Houston,TX
##GWD(120)->AFR(762)	Gambian in Western Division, The Gambia
##IBS(108)->EUR(536)	Iberian populations in Spain
##ITU(112)->SAS(544)	Indian Telugu in the UK
##JPT(131)->EAS(605)	Japanese in Tokyo, Japan
##KHV(103)->EAS(605)	Kinh in Ho Chi Minh City, Vietnam
##LWK(122)->AFR(762)	Luhya in Webuye, Kenya
##MSL(98)->AFR(762)	Mende in Sierra Leone
##MXL(73)->AMR(377)	Mexican Ancestry in Los Angeles, California
##PEL(92)->AMR(377)	Peruvian in Lima, Peru
##PJL(108)->SAS(544)	Punjabi in Lahore,Pakistan
##PUR(107)->AMR(377)	Puerto Rican in Puerto Rico
##STU(111)->SAS(544)	Sri Lankan Tamil in the UK
##TSI(113)->EUR(536)	Toscani in Italy
##YRI(143)->AFR(762)	Yoruba in Ibadan, Nigeria
ID	ACB	AFR	AMR	ASW	BEB	CDX	CEU	CHB	CHS	CLM	EAS	ESN	EUR	FIN	GBR	GIH	GWD	IBS	ITU	JPT	KHV	LWK	MSL	MXL	PEL	PJL	PUR	SAS	STU	TSI	YRI
rs556541063	0	0	0	0	0	0	0.00961538	0	0	0	0	0	0.00373134	0	0.00943396	0	0	0	0	0	0	0	0	0	0	0	0	0.00183824	0.00900901	0	0
rs145615430	0	0	0	0	0	0	0.00961538	0	0	0	0	0	0.00559701	0	0.0188679	0	0	0	0	0	0	0	0	0	0	0	0	0	0	0	0
rs148170422	0	0	0	0	0	0.0183486	0	0.0202703	0.00877193	0	0.0181818	0	0	0	0	0	0	0	0	0.00763359	0.038835	0	0	0	0	0	0	0	0	0	0
rs183779916	0	0	0.0291777	0	0	0	0	0	0	0.00952381	0	0	0	0	0	0	0	0	0	0	0	0	0	0.0547945	0.0543478	0	0.00934579	0	0	0	0
rs562410061	0	0	0	0	0.00961538	0	0	0	0	0	0	0	0	0	0	0	0	0	0	0	0	0	0	0	0	0	0	0.00183824	0	0	0
rs529798787	0	0	0	0	0	0	0	0	0	0	0	0	0.00186567	0	0	0	0	0.00925926	0	0	0	0	0	0	0	0	0	0	0	0	0
rs536031036	0	0	0	0	0	0	0	0	0	0	0	0	0.00186567	0	0	0	0	0.00925926	0	0	0	0	0	0	0	0	0	0	0	0	0
rs188505217	0	0.00131234	0	0	0	0	0	0	0	0	0	0	0	0	0	0	0	0	0	0	0	0.00819672	0	0	0	0	0	0	0	0	0
rs528728697	0	0	0	0	0	0	0	0	0	0	0	0	0	0	0	0	0	0	0.00892857	0	0	0	0	0	0	0	0	0.00183824	0	0	0
rs547289895	0	0.00131234	0	0	0	0	0	0	0	0	0	0	0	0	0	0	0	0	0	0	0	0	0.0102041	0	0	0	0	0	0	0	0
rs571989820	0.0102041	0.00131234	0	0	0	0	0	0	0	0	0	0	0	0	0	0	0	0	0	0	0	0	0	0	0	0	0	0	0	0	0
rs538996847	0.0204082	0.00393701	0	0	0	0	0	0	0	0	0	0	0	0	0	0	0	0	0	0	0	0	0.0102041	0	0	0	0	0	0	0	0
rs141990622	0	0.015748	0.00265252	0.0142857	0	0	0	0	0	0	0	0.00900901	0	0	0	0	0.00833333	0	0	0	0	0.0409836	0	0	0	0	0.00934579	0	0	0	0.027972
rs191758786	0	0	0.00265252	0	0	0	0	0	0	0	0	0	0	0	0	0	0	0	0	0	0	0	0	0	0	0	0.00934579	0	0	0	0
rs536749879	0	0	0	0	0	0	0	0	0	0	0	0	0.00186567	0	0	0	0	0.00925926	0	0	0	0	0	0	0	0	0	0	0	0	0
rs554808397	0	0.00131234	0	0	0	0	0	0	0	0	0	0	0	0	0	0	0	0	0	0	0	0	0.0102041	0	0	0	0	0	0	0	0
rs572980552	0	0	0.00265252	0	0	0	0	0	0	0	0	0	0	0	0	0	0	0	0	0	0	0	0	0	0.0108696	0	0	0	0	0	0
rs533767596	0.0102041	0.00393701	0	0	0	0	0	0	0	0	0	0	0	0	0	0	0	0	0	0	0	0	0.0204082	0	0	0	0	0	0	0	0
rs185083614	0	0	0	0	0	0.0275229	0	0.0202703	0.00877193	0	0.0132231	0	0	0	0	0	0	0	0	0	0.00970874	0	0	0	0	0	0	0	0	0	0
rs576742776	0	0	0	0	0	0.00917431	0	0	0	0	0.00165289	0	0	0	0	0	0	0	0	0	0	0	0	0	0	0	0	0	0	0	0
rs543765287	0	0	0.00265252	0	0.00961538	0	0	0	0	0	0	0	0	0	0	0	0	0	0	0	0	0	0	0	0	0	0.00934579	0.00919118	0.036036	0	0
rs189907923	0	0.00262467	0	0.0142857	0	0	0	0	0	0	0	0.00900901	0	0	0	0	0	0	0	0	0	0	0	0	0	0	0	0	0	0	0
rs150675064	0	0	0	0	0	0	0	0.0135135	0	0	0.00661157	0	0	0	0	0	0	0	0	0	0.0194175	0	0	0	0	0	0	0	0	0	0
rs541892461	0	0.00131234	0	0	0	0	0	0	0	0	0	0	0	0	0	0	0.00833333	0	0	0	0	0	0	0	0	0	0	0	0	0	0
rs560016655	0	0.00131234	0	0	0	0	0	0	0	0	0	0	0	0	0	0	0	0	0	0	0	0	0.0102041	0	0	0	0	0	0	0	0
rs62053745	0.785714	0.664042	0.893899	0.785714	0.826923	0.834862	0.951923	0.689189	0.912281	0.87619	0.819835	0.63964	0.902985	0.895238	0.811321	0.917431	0.658333	0.972222	0.866071	0.793893	0.92233	0.663934	0.602041	0.835616	0.913043	0.824074	0.934579	0.863971	0.882883	0.884956	0.587413
rs9747082	0.928571	0.7979	0.907162	0.828571	0.826923	0.834862	0.951923	0.689189	0.912281	0.895238	0.819835	0.810811	0.919776	0.92381	0.830189	0.926606	0.858333	0.981481	0.883929	0.793893	0.92233	0.721311	0.785714	0.849315	0.913043	0.842593	0.953271	0.875	0.891892	0.911504	0.706294
rs147377984	0	0	0	0	0	0	0	0	0	0	0.00165289	0	0	0	0	0	0	0	0	0.00763359	0	0	0	0	0	0	0	0	0	0	0
rs532855865	0	0	0	0	0	0	0	0	0	0	0	0	0	0	0	0	0	0	0	0	0	0	0	0	0	0	0	0.00183824	0.00900901	0	0
rs551040666	0	0	0.00265252	0	0	0	0	0	0	0	0	0	0	0	0	0	0	0	0	0	0	0	0	0.0136986	0	0	0	0	0	0	0
rs528337335	0	0	0	0	0.00961538	0	0	0	0	0	0	0	0	0	0	0.0275229	0	0	0.0178571	0	0	0	0	0	0	0.037037	0	0.0238971	0.027027	0	0
rs530075600	0	0	0	0	0	0	0	0	0	0	0	0	0.00186567	0	0	0	0	0	0	0	0	0	0	0	0	0	0	0	0	0.00884956	0
rs548643565	0	0	0	0	0	0	0	0	0	0	0	0	0.00186567	0	0	0	0	0	0	0	0	0	0	0	0	0	0	0	0	0.00884956	0
rs566874901	0	0	0.00265252	0	0	0	0	0	0	0	0	0	0	0	0	0	0	0	0	0	0	0	0	0.0136986	0	0	0	0.00183824	0.00900901	0	0
rs182126826	0	0	0.00265252	0	0	0	0	0	0	0.00952381	0	0	0	0	0	0	0	0	0	0	0	0	0	0	0	0	0	0	0	0	0
rs558340419	0	0	0	0	0	0	0	0.00675676	0	0	0.00165289	0	0	0	0	0	0	0	0	0	0	0	0	0	0	0	0	0	0	0	0
rs570359414	0	0.00262467	0	0	0.00961538	0	0.00961538	0	0	0	0.00165289	0	0.00186567	0	0	0	0	0	0	0.00763359	0	0.00819672	0.0102041	0	0	0	0	0.00183824	0	0	0
rs564550055	0	0	0	0	0	0	0.00961538	0	0	0	0	0	0.00186567	0	0	0	0	0	0	0	0	0	0	0	0	0	0	0	0	0	0
rs556217481	0	0.00131234	0	0	0	0	0	0	0	0	0	0.00900901	0	0	0	0	0	0	0	0	0	0	0	0	0	0	0	0	0	0	0
rs574351215	0	0.00131234	0	0	0	0	0	0	0	0	0	0.00900901	0	0	0	0	0	0	0	0	0	0	0	0	0	0	0	0	0	0	0
rs541481054	0	0.00131234	0	0	0	0	0	0	0	0	0	0	0	0	0	0	0	0	0	0	0	0.00819672	0	0	0	0	0	0	0	0	0
rs375853558	0	0	0	0	0	0	0	0	0	0	0.00165289	0	0	0	0	0	0	0	0.00892857	0	0.00970874	0	0	0	0	0	0	0.00183824	0	0	0
rs572177956	0	0.00131234	0	0	0	0	0	0	0	0	0	0	0	0	0	0	0	0	0	0	0	0	0.0102041	0	0	0	0	0	0	0	0
rs540779688	0	0	0	0	0	0	0	0	0	0	0	0	0.00186567	0	0	0	0	0	0	0	0	0	0	0	0	0	0	0	0	0.00884956	0
rs565478691	0.0102041	0.00131234	0.00265252	0	0	0	0	0	0	0	0	0	0	0	0	0	0	0	0	0	0	0	0	0.0136986	0	0	0	0	0	0	0
rs187054480	0	0.00787402	0	0.0142857	0	0	0	0	0	0	0	0	0	0	0	0	0	0	0	0	0	0.0409836	0	0	0	0	0	0	0	0	0
rs369122589	0	0	0	0	0	0	0	0	0	0	0.00165289	0	0	0	0	0	0	0	0.0267857	0	0.00970874	0	0	0	0	0	0	0.00551471	0	0	0
rs62053747	0.0306122	0.0104987	0.066313	0.0285714	0.00961538	0.00917431	0.221154	0.027027	0	0.0761905	0.014876	0	0.160448	0.228571	0.132075	0.00917431	0.00833333	0.12037	0.0267857	0	0.038835	0.0163934	0	0.0684932	0.0217391	0.0185185	0.0934579	0.0147059	0.00900901	0.106195	0
rs34845611	0.306122	0.275591	0.0185676	0.228571	0	0	0	0	0	0.0190476	0	0.342342	0.00559701	0	0	0	0.233333	0.0185185	0	0	0	0.270492	0.265306	0.0273973	0	0	0.0280374	0	0	0.00884956	0.272727
rs148697963	0	0.0104987	0.00265252	0	0	0	0	0	0	0	0	0	0	0	0	0	0.0333333	0	0	0	0	0	0.0306122	0.0136986	0	0	0	0	0	0	0.00699301
rs142212295	0	0.00918635	0	0.0142857	0	0	0	0	0	0	0	0.00900901	0	0	0	0	0.00833333	0	0	0	0	0.00819672	0.0102041	0	0	0	0	0	0	0	0.013986
rs527783400	0	0	0	0	0	0	0	0	0	0	0	0	0	0	0	0	0	0	0	0	0	0	0	0	0	0.00925926	0	0.00183824	0	0	0
rs34151105	0.0102041	0.00656168	0.0636605	0.0571429	0.0576923	0	0.211538	0	0	0.0952381	0	0	0.158582	0.228571	0.0943396	0.174312	0	0.0925926	0.151786	0	0	0	0	0.0547945	0.0108696	0.138889	0.0841121	0.130515	0.126126	0.168142	0
rs189415539	0	0.00131234	0.00265252	0	0	0	0	0	0	0	0	0	0	0	0	0	0	0	0	0	0	0.00819672	0	0	0	0	0.00934579	0	0	0	0
rs140338270	0	0	0	0	0	0	0	0	0	0	0	0	0.00186567	0	0	0	0	0	0	0	0	0	0	0	0	0	0	0	0	0.00884956	0
rs550019642	0	0	0	0	0	0	0	0	0	0	0.00165289	0	0	0	0	0	0	0	0	0	0.00970874	0	0	0	0	0	0	0	0	0	0
rs144071449	0	0	0	0	0.00961538	0.0550459	0	0.0675676	0.0789474	0	0.061157	0	0	0	0	0	0	0	0.00892857	0.0839695	0.00970874	0	0	0	0	0.00925926	0	0.00735294	0.00900901	0	0
rs535386888	0	0	0	0	0	0	0.00961538	0	0	0	0	0	0.00186567	0	0	0	0	0	0	0	0	0	0	0	0	0	0	0	0	0	0
rs77383171	0.602041	0.549869	0.198939	0.442857	0.173077	0.00917431	0.163462	0.00675676	0	0.2	0.00991736	0.558559	0.212687	0.190476	0.132075	0.220183	0.658333	0.277778	0.1875	0.00763359	0.0291262	0.483607	0.622449	0.205479	0.076087	0.148148	0.299065	0.174632	0.144144	0.292035	0.475524
rs180682557	0	0.00131234	0.140584	0.0142857	0	0	0	0	0	0.047619	0	0	0	0	0	0	0	0	0	0	0	0	0	0.0684932	0.282609	0	0.158879	0	0	0	0
rs185117150	0	0	0.00795756	0	0	0	0.0192308	0	0	0.00952381	0	0	0.00932836	0	0.00943396	0	0	0.00925926	0	0	0	0	0	0.0136986	0	0	0.00934579	0	0	0.00884956	0
rs557923989	0	0	0.00265252	0	0	0	0	0	0	0	0	0	0	0	0	0	0	0	0	0	0	0	0	0	0.0108696	0	0	0	0	0	0
rs75157665	0.0102041	0.00656168	0.0636605	0.0571429	0.0576923	0	0.211538	0	0	0.0952381	0	0	0.158582	0.228571	0.0943396	0.174312	0	0.0925926	0.151786	0	0	0	0	0.0547945	0.0108696	0.138889	0.0841121	0.130515	0.126126	0.168142	0
rs189896460	0	0	0.00265252	0	0	0	0	0	0	0	0	0	0	0	0	0	0	0	0	0	0	0	0	0.0136986	0	0	0	0	0	0	0
rs181198927	0	0	0	0	0	0	0	0	0	0	0	0	0.00186567	0	0.00943396	0	0	0	0	0	0	0	0	0	0	0	0	0	0	0	0
rs575041120	0	0	0	0	0	0	0	0	0	0	0	0	0	0	0	0	0	0	0.00892857	0	0	0	0	0	0	0	0	0.00183824	0	0	0
rs140577192	0	0	0	0	0	0	0	0	0.00877193	0	0.00165289	0	0	0	0	0	0	0	0	0	0	0	0	0	0	0	0	0	0	0	0
rs150409161	0.0816327	0.0643045	0.00265252	0.0428571	0	0	0	0	0	0	0	0.045045	0	0	0	0	0.0916667	0	0	0	0	0.0655738	0.0510204	0	0	0	0.00934579	0	0	0	0.0629371
rs138134547	0	0.00131234	0	0	0	0	0	0	0	0	0	0	0	0	0	0	0	0	0	0	0	0	0	0	0	0	0	0	0	0	0.00699301
rs551940241	0	0	0.00265252	0	0	0	0.00961538	0	0	0	0	0	0.00186567	0	0	0	0	0	0	0	0	0	0	0	0.0108696	0	0	0	0	0	0
rs564262273	0	0	0	0	0.00961538	0	0	0	0	0	0	0	0	0	0	0	0	0	0	0	0	0	0	0	0	0	0	0.00183824	0	0	0
rs531497988	0.0102041	0.00131234	0.00265252	0	0	0	0	0	0	0	0	0	0	0	0	0	0	0	0	0	0	0	0	0	0	0	0.00934579	0	0	0	0
rs549717069	0	0.00131234	0	0	0	0	0	0	0	0	0	0	0	0	0	0	0.00833333	0	0	0	0	0	0	0	0	0	0	0	0	0	0
rs568295427	0	0	0.00265252	0	0	0	0	0	0	0	0	0	0	0	0	0	0	0	0	0	0	0	0	0	0.0108696	0	0	0	0	0	0
rs535380237	0	0	0	0	0	0	0	0	0	0	0	0	0	0	0	0.00917431	0	0	0	0	0	0	0	0	0	0	0	0.00551471	0.018018	0	0
rs17055023	0.938776	0.800525	0.907162	0.828571	0.826923	0.825688	0.951923	0.689189	0.912281	0.895238	0.818182	0.810811	0.919776	0.92381	0.830189	0.926606	0.858333	0.981481	0.883929	0.793893	0.92233	0.729508	0.785714	0.849315	0.913043	0.842593	0.953271	0.875	0.891892	0.911504	0.706294
rs565667212	0	0.00131234	0	0.0142857	0	0	0	0	0	0	0	0	0	0	0	0	0	0	0	0	0	0	0	0	0	0	0	0	0	0	0
rs186702710	0	0.00131234	0	0.0142857	0	0	0	0	0	0	0	0	0	0	0	0	0	0	0	0	0	0	0	0	0	0	0	0	0	0	0
rs557861022	0	0.0131234	0	0.0142857	0	0	0	0	0	0	0	0.00900901	0	0	0	0	0.0333333	0	0	0	0	0.0163934	0.0102041	0	0	0	0	0	0	0	0.00699301
rs149228065	0	0.0131234	0	0.0142857	0	0	0	0	0	0	0	0.00900901	0	0	0	0	0.0333333	0	0	0	0	0.0163934	0.0102041	0	0	0	0	0	0	0	0.00699301
rs538397010	0	0.00131234	0	0	0	0	0	0	0	0	0	0	0	0	0	0	0	0	0	0	0	0	0.0102041	0	0	0	0	0	0	0	0
rs556483942	0	0	0	0	0	0	0	0	0	0	0	0	0	0	0	0	0	0	0	0	0	0	0	0	0	0	0	0.00183824	0.00900901	0	0
rs376976645	0	0	0	0	0	0.00917431	0	0	0	0	0.00165289	0	0	0	0	0	0	0	0	0	0	0	0	0	0	0	0	0	0	0	0
rs542143148	0	0.00131234	0	0	0	0	0	0	0	0	0	0	0	0	0	0	0	0	0	0	0	0.00819672	0	0	0	0	0	0	0	0	0
rs143389862	0	0.0170604	0	0.0285714	0	0	0	0	0	0	0	0.027027	0	0	0	0	0.025	0	0	0	0	0	0.0408163	0	0	0	0	0	0	0	0.00699301
rs139292994	0.0204082	0.023622	0.0106101	0.0285714	0	0	0	0	0	0.00952381	0	0.00900901	0	0	0	0	0.0416667	0	0	0	0	0.0409836	0.0204082	0.0136986	0	0	0.0186916	0	0	0	0.00699301
rs143215731	0	0.00262467	0.00530504	0.0285714	0	0	0.00961538	0	0	0.00952381	0	0	0.00186567	0	0	0	0	0	0	0	0	0	0	0	0.0108696	0	0	0	0	0	0
rs369149020	0	0.00262467	0	0	0	0	0	0	0	0	0	0.018018	0.00186567	0	0	0	0	0	0	0	0	0	0	0	0	0	0	0	0	0.00884956	0
rs34245596	0.795918	0.665354	0.893899	0.785714	0.826923	0.825688	0.951923	0.689189	0.912281	0.87619	0.818182	0.63964	0.902985	0.895238	0.811321	0.917431	0.658333	0.972222	0.866071	0.793893	0.92233	0.663934	0.602041	0.835616	0.913043	0.824074	0.934579	0.863971	0.882883	0.884956	0.587413
rs550294144	0	0.00131234	0	0	0	0	0	0	0	0	0	0	0	0	0	0	0	0	0	0	0	0	0.0102041	0	0	0	0	0	0	0	0
rs561721695	0	0	0	0	0	0	0	0	0	0	0	0	0	0	0	0	0	0	0	0	0	0	0	0	0	0.00925926	0	0.00183824	0	0	0
rs138028911	0.163265	0.15748	0.0159151	0.185714	0	0	0.00961538	0	0	0.00952381	0	0.216216	0.00186567	0	0	0	0.141667	0	0	0	0	0.057377	0.204082	0	0.0108696	0	0.0373832	0	0	0	0.160839
rs143500173	0	0	0.00795756	0	0	0	0	0	0	0.00952381	0	0	0.0205224	0.0380952	0.0283019	0.00917431	0	0.0185185	0.0178571	0	0	0	0	0.0136986	0	0.00925926	0.00934579	0.00919118	0.00900901	0.0176991	0
rs112513622	0.0204082	0.00656168	0.071618	0	0.0480769	0.00917431	0.0673077	0	0	0.0857143	0.00165289	0	0.0858209	0.0571429	0.0943396	0.0642202	0.00833333	0.0925926	0.0714286	0	0	0.0163934	0	0.0273973	0.0326087	0.0185185	0.121495	0.0477941	0.036036	0.115044	0
rs532922553	0	0.00131234	0	0	0	0	0	0	0	0	0	0	0	0	0	0	0.00833333	0	0	0	0	0	0	0	0	0.00925926	0	0.00183824	0	0	0
rs80215721	0	0	0	0	0	0	0	0	0	0	0.00495868	0	0	0	0	0	0	0	0	0.0229008	0	0	0	0	0	0	0	0	0	0	0
rs191439637	0.0102041	0.011811	0	0.0142857	0	0	0	0	0	0	0	0.027027	0	0	0	0	0.00833333	0	0	0	0	0	0.0102041	0	0	0	0	0	0	0	0.013986
rs149757548	0.0306122	0.0209974	0.00265252	0	0	0	0	0	0	0	0	0.018018	0	0	0	0	0.025	0	0	0	0	0.0245902	0.0306122	0.0136986	0	0	0	0	0	0	0.013986
rs555472791	0	0	0.00265252	0	0	0	0	0	0	0	0	0	0	0	0	0	0	0	0	0	0	0	0	0	0.0108696	0	0	0	0	0	0
rs183750541	0	0	0.00530504	0	0	0	0	0	0	0.0190476	0	0	0	0	0	0	0	0	0	0	0	0	0	0	0	0	0	0	0	0	0
